account_id,risk_level,cohort
MTR-00001,Normal Risk,earlier
MTR-00002,Moderate Risk,earlier
MTR-00003,High Risk,earlier
MTR-00004,Normal Risk,earlier
MTR-00005,Moderate Risk,earlier
MTR-00006,High Risk,earlier
MTR-00007,Normal Risk,earlier
MTR-00008,Moderate Risk,earlier
MTR-00009,High Risk,earlier
MTR-00010,Normal Risk,earlier
MTR-00011,Moderate Risk,earlier
MTR-00012,High Risk,earlier
MTR-00013,Normal Risk,earlier
MTR-00014,Moderate Risk,earlier
MTR-00015,High Risk,earlier
MTR-00016,Normal Risk,earlier
MTR-00017,Moderate Risk,earlier
MTR-00018,High Risk,earlier
MTR-00019,Normal Risk,earlier
MTR-00020,Moderate Risk,earlier
MTR-00021,High Risk,earlier
MTR-00022,Normal Risk,earlier
MTR-00023,Moderate Risk,earlier
MTR-00024,High Risk,earlier
MTR-00025,Normal Risk,earlier
MTR-00026,Moderate Risk,earlier
MTR-00027,High Risk,earlier
MTR-00028,Normal Risk,earlier
MTR-00029,Moderate Risk,earlier
MTR-00030,High Risk,earlier
MTR-00031,Normal Risk,earlier
MTR-00032,Moderate Risk,earlier
MTR-00033,High Risk,earlier
MTR-00034,Normal Risk,earlier
MTR-00035,Moderate Risk,earlier
MTR-00036,High Risk,earlier
MTR-00037,Normal Risk,earlier
MTR-00038,Moderate Risk,earlier
MTR-00039,High Risk,earlier
MTR-00040,Normal Risk,earlier
MTR-00041,Moderate Risk,earlier
MTR-00042,High Risk,earlier
MTR-00043,Normal Risk,earlier
MTR-00044,Moderate Risk,earlier
MTR-00045,High Risk,earlier
MTR-00046,Normal Risk,earlier
MTR-00047,Moderate Risk,earlier
MTR-00048,High Risk,earlier
MTR-00049,Normal Risk,earlier
MTR-00050,Moderate Risk,earlier
MTR-00051,High Risk,earlier
MTR-00052,Normal Risk,earlier
MTR-00053,Moderate Risk,earlier
MTR-00054,High Risk,earlier
MTR-00055,Normal Risk,earlier
MTR-00056,Moderate Risk,earlier
MTR-00057,High Risk,earlier
MTR-00058,Normal Risk,earlier
MTR-00059,Moderate Risk,earlier
MTR-00060,High Risk,earlier
MTR-00061,Normal Risk,earlier
MTR-00062,Moderate Risk,earlier
MTR-00063,High Risk,earlier
MTR-00064,Normal Risk,earlier
MTR-00065,Moderate Risk,earlier
MTR-00066,High Risk,earlier
MTR-00067,Normal Risk,earlier
MTR-00068,Moderate Risk,earlier
MTR-00069,High Risk,earlier
MTR-00070,Normal Risk,earlier
MTR-00071,Moderate Risk,earlier
MTR-00072,High Risk,earlier
MTR-00073,Normal Risk,earlier
MTR-00074,Moderate Risk,earlier
MTR-00075,High Risk,earlier
MTR-00076,Normal Risk,earlier
MTR-00077,Moderate Risk,earlier
MTR-00078,High Risk,earlier
MTR-00079,Normal Risk,earlier
MTR-00080,Moderate Risk,earlier
MTR-00081,High Risk,earlier
MTR-00082,Normal Risk,earlier
MTR-00083,Moderate Risk,earlier
MTR-00084,High Risk,earlier
MTR-00085,Normal Risk,earlier
MTR-00086,Moderate Risk,earlier
MTR-00087,High Risk,earlier
MTR-00088,Normal Risk,earlier
MTR-00089,Moderate Risk,earlier
MTR-00090,High Risk,earlier
MTR-00091,Normal Risk,earlier
MTR-00092,Moderate Risk,earlier
MTR-00093,High Risk,earlier
MTR-00094,Normal Risk,earlier
MTR-00095,Moderate Risk,earlier
MTR-00096,High Risk,earlier
MTR-00097,Normal Risk,earlier
MTR-00098,Moderate Risk,earlier
MTR-00099,High Risk,earlier
MTR-00100,Normal Risk,earlier
MTR-00101,Moderate Risk,earlier
MTR-00102,High Risk,earlier
MTR-00103,Normal Risk,earlier
MTR-00104,Moderate Risk,earlier
MTR-00105,High Risk,earlier
MTR-00106,Normal Risk,earlier
MTR-00107,Moderate Risk,earlier
MTR-00108,High Risk,earlier
MTR-00109,Normal Risk,earlier
MTR-00110,Moderate Risk,earlier
MTR-00111,High Risk,earlier
MTR-00112,Normal Risk,earlier
MTR-00113,Moderate Risk,earlier
MTR-00114,High Risk,earlier
MTR-00115,Normal Risk,earlier
MTR-00116,Moderate Risk,earlier
MTR-00117,High Risk,earlier
MTR-00118,Normal Risk,earlier
MTR-00119,Moderate Risk,earlier
MTR-00120,High Risk,earlier
MTR-00121,Normal Risk,earlier
MTR-00122,Moderate Risk,earlier
MTR-00123,High Risk,earlier
MTR-00124,Normal Risk,earlier
MTR-00125,Moderate Risk,earlier
MTR-00126,High Risk,earlier
MTR-00127,Normal Risk,earlier
MTR-00128,Moderate Risk,earlier
MTR-00129,High Risk,earlier
MTR-00130,Normal Risk,earlier
MTR-00131,Moderate Risk,earlier
MTR-00132,High Risk,earlier
MTR-00133,Normal Risk,earlier
MTR-00134,Moderate Risk,earlier
MTR-00135,High Risk,earlier
MTR-00136,Normal Risk,earlier
MTR-00137,Moderate Risk,earlier
MTR-00138,High Risk,earlier
MTR-00139,Normal Risk,earlier
MTR-00140,Moderate Risk,earlier
MTR-00141,High Risk,earlier
MTR-00142,Normal Risk,earlier
MTR-00143,Moderate Risk,earlier
MTR-00144,High Risk,earlier
MTR-00145,Normal Risk,earlier
MTR-00146,Moderate Risk,earlier
MTR-00147,High Risk,earlier
MTR-00148,Normal Risk,earlier
MTR-00149,Moderate Risk,earlier
MTR-00150,High Risk,earlier
MTR-00151,Normal Risk,earlier
MTR-00152,Moderate Risk,earlier
MTR-00153,High Risk,earlier
MTR-00154,Normal Risk,earlier
MTR-00155,Moderate Risk,earlier
MTR-00156,High Risk,earlier
MTR-00157,Normal Risk,earlier
MTR-00158,Moderate Risk,earlier
MTR-00159,High Risk,earlier
MTR-00160,Normal Risk,earlier
MTR-00161,Moderate Risk,earlier
MTR-00162,High Risk,earlier
MTR-00163,Normal Risk,earlier
MTR-00164,Moderate Risk,earlier
MTR-00165,High Risk,earlier
MTR-00166,Normal Risk,earlier
MTR-00167,Moderate Risk,earlier
MTR-00168,High Risk,earlier
MTR-00169,Normal Risk,earlier
MTR-00170,Moderate Risk,earlier
MTR-00171,High Risk,earlier
MTR-00172,Normal Risk,earlier
MTR-00173,Moderate Risk,earlier
MTR-00174,High Risk,earlier
MTR-00175,Normal Risk,earlier
MTR-00176,Moderate Risk,earlier
MTR-00177,High Risk,earlier
MTR-00178,Normal Risk,earlier
MTR-00179,Moderate Risk,earlier
MTR-00180,High Risk,earlier
MTR-00181,Normal Risk,later
MTR-00182,Moderate Risk,later
MTR-00183,High Risk,later
MTR-00184,Normal Risk,later
MTR-00185,Moderate Risk,later
MTR-00186,High Risk,later
MTR-00187,Normal Risk,later
MTR-00188,Moderate Risk,later
MTR-00189,High Risk,later
MTR-00190,Normal Risk,later
MTR-00191,Moderate Risk,later
MTR-00192,High Risk,later
MTR-00193,Normal Risk,later
MTR-00194,Moderate Risk,later
MTR-00195,High Risk,later
MTR-00196,Normal Risk,later
MTR-00197,Moderate Risk,later
MTR-00198,High Risk,later
MTR-00199,Normal Risk,later
MTR-00200,Moderate Risk,later
MTR-00201,High Risk,later
MTR-00202,Normal Risk,later
MTR-00203,Moderate Risk,later
MTR-00204,High Risk,later
MTR-00205,Normal Risk,later
MTR-00206,Moderate Risk,later
MTR-00207,High Risk,later
MTR-00208,Normal Risk,later
MTR-00209,Moderate Risk,later
MTR-00210,High Risk,later
MTR-00211,Normal Risk,later
MTR-00212,Moderate Risk,later
MTR-00213,High Risk,later
MTR-00214,Normal Risk,later
MTR-00215,Moderate Risk,later
MTR-00216,High Risk,later
MTR-00217,Normal Risk,later
MTR-00218,Moderate Risk,later
MTR-00219,High Risk,later
MTR-00220,Normal Risk,later
MTR-00221,Moderate Risk,later
MTR-00222,High Risk,later
MTR-00223,Normal Risk,later
MTR-00224,Moderate Risk,later
MTR-00225,High Risk,later
MTR-00226,Normal Risk,later
MTR-00227,Moderate Risk,later
MTR-00228,High Risk,later
MTR-00229,Normal Risk,later
MTR-00230,Moderate Risk,later
MTR-00231,High Risk,later
MTR-00232,Normal Risk,later
MTR-00233,Moderate Risk,later
MTR-00234,High Risk,later
MTR-00235,Normal Risk,later
MTR-00236,Moderate Risk,later
MTR-00237,High Risk,later
MTR-00238,Normal Risk,later
MTR-00239,Moderate Risk,later
MTR-00240,High Risk,later
