account_id,timestamp,kwh
MTR-00181,2025-03-14T00:00:00+00:00,1.2883
MTR-00181,2025-03-14T01:00:00+00:00,1.7242
MTR-00181,2025-03-14T02:00:00+00:00,1.715
MTR-00181,2025-03-14T03:00:00+00:00,1.225
MTR-00181,2025-03-14T04:00:00+00:00,0.9693
MTR-00181,2025-03-14T05:00:00+00:00,1.8513
MTR-00181,2025-03-14T06:00:00+00:00,1.2156
MTR-00181,2025-03-14T07:00:00+00:00,2.2094
MTR-00181,2025-03-14T08:00:00+00:00,1.4266
MTR-00181,2025-03-14T09:00:00+00:00,2.1065
MTR-00181,2025-03-14T10:00:00+00:00,1.9533
MTR-00181,2025-03-14T11:00:00+00:00,2.3628
MTR-00181,2025-03-14T12:00:00+00:00,1.564
MTR-00181,2025-03-14T13:00:00+00:00,1.9364
MTR-00181,2025-03-14T14:00:00+00:00,2.1897
MTR-00181,2025-03-14T15:00:00+00:00,2.4198
MTR-00181,2025-03-14T16:00:00+00:00,1.6044
MTR-00181,2025-03-14T17:00:00+00:00,3.1088
MTR-00181,2025-03-14T18:00:00+00:00,3.0282
MTR-00181,2025-03-14T19:00:00+00:00,3.7209
MTR-00181,2025-03-14T20:00:00+00:00,1.6741
MTR-00181,2025-03-14T21:00:00+00:00,3.1993
MTR-00181,2025-03-14T22:00:00+00:00,3.0797
MTR-00181,2025-03-14T23:00:00+00:00,2.2414
MTR-00181,2025-03-15T00:00:00+00:00,1.9684
MTR-00181,2025-03-15T01:00:00+00:00,1.6427
MTR-00181,2025-03-15T02:00:00+00:00,1.478
MTR-00181,2025-03-15T03:00:00+00:00,3.3724
MTR-00181,2025-03-15T04:00:00+00:00,1.2464
MTR-00181,2025-03-15T05:00:00+00:00,1.2675
MTR-00181,2025-03-15T06:00:00+00:00,1.9554
MTR-00181,2025-03-15T07:00:00+00:00,2.3169
MTR-00181,2025-03-15T08:00:00+00:00,3.4794
MTR-00181,2025-03-15T09:00:00+00:00,2.7661
MTR-00181,2025-03-15T10:00:00+00:00,3.0141
MTR-00181,2025-03-15T11:00:00+00:00,1.9122
MTR-00181,2025-03-15T12:00:00+00:00,2.7449
MTR-00181,2025-03-15T13:00:00+00:00,2.1949
MTR-00181,2025-03-15T14:00:00+00:00,3.1197
MTR-00181,2025-03-15T15:00:00+00:00,3.0085
MTR-00181,2025-03-15T16:00:00+00:00,2.6507
MTR-00181,2025-03-15T17:00:00+00:00,2.9168
MTR-00181,2025-03-15T18:00:00+00:00,4.4444
MTR-00181,2025-03-15T19:00:00+00:00,3.3812
MTR-00181,2025-03-15T20:00:00+00:00,3.5601
MTR-00181,2025-03-15T21:00:00+00:00,3.7131
MTR-00181,2025-03-15T22:00:00+00:00,3.3502
MTR-00181,2025-03-15T23:00:00+00:00,2.815
MTR-00181,2025-03-16T00:00:00+00:00,3.1269
MTR-00181,2025-03-16T01:00:00+00:00,1.3776
MTR-00181,2025-03-16T02:00:00+00:00,2.1259
MTR-00181,2025-03-16T03:00:00+00:00,1.1087
MTR-00181,2025-03-16T04:00:00+00:00,2.0044
MTR-00181,2025-03-16T05:00:00+00:00,1.1484
MTR-00181,2025-03-16T06:00:00+00:00,3.275
MTR-00181,2025-03-16T07:00:00+00:00,2.1534
MTR-00181,2025-03-16T08:00:00+00:00,2.0776
MTR-00181,2025-03-16T09:00:00+00:00,3.2096
MTR-00181,2025-03-16T10:00:00+00:00,2.0936
MTR-00181,2025-03-16T11:00:00+00:00,1.9623
MTR-00181,2025-03-16T12:00:00+00:00,2.2499
MTR-00181,2025-03-16T13:00:00+00:00,2.2699
MTR-00181,2025-03-16T14:00:00+00:00,2.7519
MTR-00181,2025-03-16T15:00:00+00:00,2.0537
MTR-00181,2025-03-16T16:00:00+00:00,2.127
MTR-00181,2025-03-16T17:00:00+00:00,2.4549
MTR-00181,2025-03-16T18:00:00+00:00,3.9952
MTR-00181,2025-03-16T19:00:00+00:00,3.2904
MTR-00181,2025-03-16T20:00:00+00:00,3.3364
MTR-00181,2025-03-16T21:00:00+00:00,2.9548
MTR-00181,2025-03-16T22:00:00+00:00,3.374
MTR-00181,2025-03-16T23:00:00+00:00,1.9744
MTR-00181,2025-03-17T00:00:00+00:00,2.2712
MTR-00181,2025-03-17T01:00:00+00:00,1.9744
MTR-00181,2025-03-17T02:00:00+00:00,1.5003
MTR-00181,2025-03-17T03:00:00+00:00,1.4052
MTR-00181,2025-03-17T04:00:00+00:00,1.5261
MTR-00181,2025-03-17T05:00:00+00:00,1.4306
MTR-00181,2025-03-17T06:00:00+00:00,3.122
MTR-00181,2025-03-17T07:00:00+00:00,3.092
MTR-00181,2025-03-17T08:00:00+00:00,1.9255
MTR-00181,2025-03-17T09:00:00+00:00,2.1095
MTR-00181,2025-03-17T10:00:00+00:00,2.3027
MTR-00181,2025-03-17T11:00:00+00:00,2.4945
MTR-00181,2025-03-17T12:00:00+00:00,2.1893
MTR-00181,2025-03-17T13:00:00+00:00,2.4356
MTR-00181,2025-03-17T14:00:00+00:00,2.8691
MTR-00181,2025-03-17T15:00:00+00:00,2.0118
MTR-00181,2025-03-17T16:00:00+00:00,3.1651
MTR-00181,2025-03-17T17:00:00+00:00,3.0237
MTR-00181,2025-03-17T18:00:00+00:00,2.9156
MTR-00181,2025-03-17T19:00:00+00:00,0.0
MTR-00181,2025-03-17T20:00:00+00:00,3.6769
MTR-00181,2025-03-17T21:00:00+00:00,4.3076
MTR-00181,2025-03-17T22:00:00+00:00,3.1647
MTR-00181,2025-03-17T23:00:00+00:00,0.0
MTR-00181,2025-03-18T00:00:00+00:00,1.2839
MTR-00181,2025-03-18T01:00:00+00:00,1.8652
MTR-00181,2025-03-18T02:00:00+00:00,1.7603
MTR-00181,2025-03-18T03:00:00+00:00,0.7265
MTR-00181,2025-03-18T04:00:00+00:00,1.3539
MTR-00181,2025-03-18T05:00:00+00:00,1.0386
MTR-00181,2025-03-18T06:00:00+00:00,1.9656
MTR-00181,2025-03-18T07:00:00+00:00,2.289
MTR-00181,2025-03-18T08:00:00+00:00,2.0742
MTR-00181,2025-03-18T09:00:00+00:00,2.7066
MTR-00181,2025-03-18T10:00:00+00:00,1.6737
MTR-00181,2025-03-18T11:00:00+00:00,1.9819
MTR-00181,2025-03-18T12:00:00+00:00,2.2518
MTR-00181,2025-03-18T13:00:00+00:00,1.4376
MTR-00181,2025-03-18T14:00:00+00:00,2.7004
MTR-00181,2025-03-18T15:00:00+00:00,1.9248
MTR-00181,2025-03-18T16:00:00+00:00,1.8814
MTR-00181,2025-03-18T17:00:00+00:00,1.1923
MTR-00181,2025-03-18T18:00:00+00:00,2.9441
MTR-00181,2025-03-18T19:00:00+00:00,3.6332
MTR-00181,2025-03-18T20:00:00+00:00,2.8279
MTR-00181,2025-03-18T21:00:00+00:00,3.2727
MTR-00181,2025-03-18T22:00:00+00:00,3.6059
MTR-00181,2025-03-18T23:00:00+00:00,2.1402
MTR-00181,2025-03-19T00:00:00+00:00,1.2672
MTR-00181,2025-03-19T01:00:00+00:00,1.8705
MTR-00181,2025-03-19T02:00:00+00:00,2.0396
MTR-00181,2025-03-19T03:00:00+00:00,1.67
MTR-00181,2025-03-19T04:00:00+00:00,0.7805
MTR-00181,2025-03-19T05:00:00+00:00,1.5642
MTR-00181,2025-03-19T06:00:00+00:00,2.3895
MTR-00181,2025-03-19T07:00:00+00:00,2.4585
MTR-00181,2025-03-19T08:00:00+00:00,1.5572
MTR-00181,2025-03-19T09:00:00+00:00,0.0
MTR-00181,2025-03-19T10:00:00+00:00,2.4134
MTR-00181,2025-03-19T11:00:00+00:00,2.0591
MTR-00181,2025-03-19T12:00:00+00:00,1.807
MTR-00181,2025-03-19T13:00:00+00:00,2.0049
MTR-00181,2025-03-19T14:00:00+00:00,2.4747
MTR-00181,2025-03-19T15:00:00+00:00,1.9039
MTR-00181,2025-03-19T16:00:00+00:00,1.3277
MTR-00181,2025-03-19T17:00:00+00:00,2.3725
MTR-00181,2025-03-19T18:00:00+00:00,2.9712
MTR-00181,2025-03-19T19:00:00+00:00,3.5063
MTR-00181,2025-03-19T20:00:00+00:00,2.3059
MTR-00181,2025-03-19T21:00:00+00:00,2.6558
MTR-00181,2025-03-19T22:00:00+00:00,2.7126
MTR-00181,2025-03-19T23:00:00+00:00,1.8076
MTR-00181,2025-03-20T00:00:00+00:00,1.4998
MTR-00181,2025-03-20T01:00:00+00:00,1.682
MTR-00181,2025-03-20T02:00:00+00:00,1.6832
MTR-00181,2025-03-20T03:00:00+00:00,2.2012
MTR-00181,2025-03-20T04:00:00+00:00,0.759
MTR-00181,2025-03-20T05:00:00+00:00,1.9756
MTR-00181,2025-03-20T06:00:00+00:00,2.3854
MTR-00181,2025-03-20T07:00:00+00:00,2.129
MTR-00181,2025-03-20T08:00:00+00:00,2.948
MTR-00181,2025-03-20T09:00:00+00:00,0.0
MTR-00181,2025-03-20T10:00:00+00:00,2.6413
MTR-00181,2025-03-20T11:00:00+00:00,3.3678
MTR-00181,2025-03-20T12:00:00+00:00,2.8039
MTR-00181,2025-03-20T13:00:00+00:00,2.3801
MTR-00181,2025-03-20T14:00:00+00:00,1.6293
MTR-00181,2025-03-20T15:00:00+00:00,3.166
MTR-00181,2025-03-20T16:00:00+00:00,2.9102
MTR-00181,2025-03-20T17:00:00+00:00,2.0898
MTR-00181,2025-03-20T18:00:00+00:00,3.2288
MTR-00181,2025-03-20T19:00:00+00:00,1.8864
MTR-00181,2025-03-20T20:00:00+00:00,3.1813
MTR-00181,2025-03-20T21:00:00+00:00,1.7887
MTR-00181,2025-03-20T22:00:00+00:00,2.8786
MTR-00181,2025-03-20T23:00:00+00:00,2.4546
MTR-00181,2025-03-21T00:00:00+00:00,1.5302
MTR-00181,2025-03-21T01:00:00+00:00,1.6818
MTR-00181,2025-03-21T02:00:00+00:00,1.0288
MTR-00181,2025-03-21T03:00:00+00:00,1.1435
MTR-00181,2025-03-21T04:00:00+00:00,2.1002
MTR-00181,2025-03-21T05:00:00+00:00,1.2635
MTR-00181,2025-03-21T06:00:00+00:00,2.454
MTR-00181,2025-03-21T07:00:00+00:00,2.464
MTR-00181,2025-03-21T08:00:00+00:00,2.708
MTR-00181,2025-03-21T09:00:00+00:00,2.6402
MTR-00181,2025-03-21T10:00:00+00:00,1.5776
MTR-00181,2025-03-21T11:00:00+00:00,2.9373
MTR-00181,2025-03-21T12:00:00+00:00,2.015
MTR-00181,2025-03-21T13:00:00+00:00,1.5934
MTR-00181,2025-03-21T14:00:00+00:00,1.7812
MTR-00181,2025-03-21T15:00:00+00:00,1.7326
MTR-00181,2025-03-21T16:00:00+00:00,2.6417
MTR-00181,2025-03-21T17:00:00+00:00,2.2058
MTR-00181,2025-03-21T18:00:00+00:00,2.9499
MTR-00181,2025-03-21T19:00:00+00:00,3.4314
MTR-00181,2025-03-21T20:00:00+00:00,4.3639
MTR-00181,2025-03-21T21:00:00+00:00,3.046
MTR-00181,2025-03-21T22:00:00+00:00,2.401
MTR-00181,2025-03-21T23:00:00+00:00,2.6167
MTR-00181,2025-03-22T00:00:00+00:00,2.444
MTR-00181,2025-03-22T01:00:00+00:00,1.6381
MTR-00181,2025-03-22T02:00:00+00:00,1.787
MTR-00181,2025-03-22T03:00:00+00:00,2.3009
MTR-00181,2025-03-22T04:00:00+00:00,0.9631
MTR-00181,2025-03-22T05:00:00+00:00,1.8882
MTR-00181,2025-03-22T06:00:00+00:00,1.711
MTR-00181,2025-03-22T07:00:00+00:00,2.3756
MTR-00181,2025-03-22T08:00:00+00:00,1.8686
MTR-00181,2025-03-22T09:00:00+00:00,1.8574
MTR-00181,2025-03-22T10:00:00+00:00,3.1804
MTR-00181,2025-03-22T11:00:00+00:00,2.3876
MTR-00181,2025-03-22T12:00:00+00:00,2.636
MTR-00181,2025-03-22T13:00:00+00:00,2.5788
MTR-00181,2025-03-22T14:00:00+00:00,2.7712
MTR-00181,2025-03-22T15:00:00+00:00,4.4702
MTR-00181,2025-03-22T16:00:00+00:00,2.3717
MTR-00181,2025-03-22T17:00:00+00:00,3.4825
MTR-00181,2025-03-22T18:00:00+00:00,3.6938
MTR-00181,2025-03-22T19:00:00+00:00,3.2017
MTR-00181,2025-03-22T20:00:00+00:00,3.3796
MTR-00181,2025-03-22T21:00:00+00:00,3.7935
MTR-00181,2025-03-22T22:00:00+00:00,2.8921
MTR-00181,2025-03-22T23:00:00+00:00,2.295
MTR-00181,2025-03-23T00:00:00+00:00,1.5062
MTR-00181,2025-03-23T01:00:00+00:00,2.532
MTR-00181,2025-03-23T02:00:00+00:00,2.0568
MTR-00181,2025-03-23T03:00:00+00:00,0.4416
MTR-00181,2025-03-23T04:00:00+00:00,2.5325
MTR-00181,2025-03-23T05:00:00+00:00,2.4
MTR-00181,2025-03-23T06:00:00+00:00,2.0961
MTR-00181,2025-03-23T07:00:00+00:00,2.536
MTR-00181,2025-03-23T08:00:00+00:00,2.6111
MTR-00181,2025-03-23T09:00:00+00:00,2.9371
MTR-00181,2025-03-23T10:00:00+00:00,2.2694
MTR-00181,2025-03-23T11:00:00+00:00,2.6262
MTR-00181,2025-03-23T12:00:00+00:00,1.7415
MTR-00181,2025-03-23T13:00:00+00:00,0.9582
MTR-00181,2025-03-23T14:00:00+00:00,4.1747
MTR-00181,2025-03-23T15:00:00+00:00,1.031
MTR-00181,2025-03-23T16:00:00+00:00,3.5885
MTR-00181,2025-03-23T17:00:00+00:00,2.6314
MTR-00181,2025-03-23T18:00:00+00:00,3.7198
MTR-00181,2025-03-23T19:00:00+00:00,3.729
MTR-00181,2025-03-23T20:00:00+00:00,2.7884
MTR-00181,2025-03-23T21:00:00+00:00,3.7034
MTR-00181,2025-03-23T22:00:00+00:00,4.4382
MTR-00181,2025-03-23T23:00:00+00:00,1.9168
MTR-00181,2025-03-24T00:00:00+00:00,1.0246
MTR-00181,2025-03-24T01:00:00+00:00,0.7059
MTR-00181,2025-03-24T02:00:00+00:00,1.8266
MTR-00181,2025-03-24T03:00:00+00:00,2.1966
MTR-00181,2025-03-24T04:00:00+00:00,0.9263
MTR-00181,2025-03-24T05:00:00+00:00,1.4329
MTR-00181,2025-03-24T06:00:00+00:00,2.9442
MTR-00181,2025-03-24T07:00:00+00:00,3.0644
MTR-00181,2025-03-24T08:00:00+00:00,2.0778
MTR-00181,2025-03-24T09:00:00+00:00,2.2819
MTR-00181,2025-03-24T10:00:00+00:00,2.55
MTR-00181,2025-03-24T11:00:00+00:00,2.1613
MTR-00181,2025-03-24T12:00:00+00:00,3.7918
MTR-00181,2025-03-24T13:00:00+00:00,1.4348
MTR-00181,2025-03-24T14:00:00+00:00,2.9094
MTR-00181,2025-03-24T15:00:00+00:00,2.6545
MTR-00181,2025-03-24T16:00:00+00:00,1.9926
MTR-00181,2025-03-24T17:00:00+00:00,1.9054
MTR-00181,2025-03-24T18:00:00+00:00,3.2494
MTR-00181,2025-03-24T19:00:00+00:00,2.9986
MTR-00181,2025-03-24T20:00:00+00:00,3.6852
MTR-00181,2025-03-24T21:00:00+00:00,2.7043
MTR-00181,2025-03-24T22:00:00+00:00,2.9236
MTR-00181,2025-03-24T23:00:00+00:00,2.8604
MTR-00181,2025-03-25T00:00:00+00:00,2.7512
MTR-00181,2025-03-25T01:00:00+00:00,1.7467
MTR-00181,2025-03-25T02:00:00+00:00,2.1477
MTR-00181,2025-03-25T03:00:00+00:00,1.7417
MTR-00181,2025-03-25T04:00:00+00:00,0.8757
MTR-00181,2025-03-25T05:00:00+00:00,0.9317
MTR-00181,2025-03-25T06:00:00+00:00,2.8187
MTR-00181,2025-03-25T07:00:00+00:00,1.3007
MTR-00181,2025-03-25T08:00:00+00:00,2.6366
MTR-00181,2025-03-25T09:00:00+00:00,1.4798
MTR-00181,2025-03-25T10:00:00+00:00,2.7314
MTR-00181,2025-03-25T11:00:00+00:00,2.1541
MTR-00181,2025-03-25T12:00:00+00:00,1.8675
MTR-00181,2025-03-25T13:00:00+00:00,1.9687
MTR-00181,2025-03-25T14:00:00+00:00,1.6295
MTR-00181,2025-03-25T15:00:00+00:00,2.8981
MTR-00181,2025-03-25T16:00:00+00:00,2.1986
MTR-00181,2025-03-25T17:00:00+00:00,3.1026
MTR-00181,2025-03-25T18:00:00+00:00,2.9357
MTR-00181,2025-03-25T19:00:00+00:00,2.1087
MTR-00181,2025-03-25T20:00:00+00:00,2.2779
MTR-00181,2025-03-25T21:00:00+00:00,3.8696
MTR-00181,2025-03-25T22:00:00+00:00,3.0117
MTR-00181,2025-03-25T23:00:00+00:00,2.5105
MTR-00181,2025-03-26T00:00:00+00:00,1.2232
MTR-00181,2025-03-26T01:00:00+00:00,1.6992
MTR-00181,2025-03-26T02:00:00+00:00,1.2753
MTR-00181,2025-03-26T03:00:00+00:00,0.3898
MTR-00181,2025-03-26T04:00:00+00:00,1.3593
MTR-00181,2025-03-26T05:00:00+00:00,0.1474
MTR-00181,2025-03-26T06:00:00+00:00,2.7901
MTR-00181,2025-03-26T07:00:00+00:00,2.3693
MTR-00181,2025-03-26T08:00:00+00:00,1.4829
MTR-00181,2025-03-26T09:00:00+00:00,1.3426
MTR-00181,2025-03-26T10:00:00+00:00,1.6916
MTR-00181,2025-03-26T11:00:00+00:00,2.5746
MTR-00181,2025-03-26T12:00:00+00:00,0.5941
MTR-00181,2025-03-26T13:00:00+00:00,2.2628
MTR-00181,2025-03-26T14:00:00+00:00,2.3191
MTR-00181,2025-03-26T15:00:00+00:00,2.143
MTR-00181,2025-03-26T16:00:00+00:00,2.0568
MTR-00181,2025-03-26T17:00:00+00:00,1.5035
MTR-00181,2025-03-26T18:00:00+00:00,0.0
MTR-00181,2025-03-26T19:00:00+00:00,3.4
MTR-00181,2025-03-26T20:00:00+00:00,2.6748
MTR-00181,2025-03-26T21:00:00+00:00,2.9515
MTR-00181,2025-03-26T22:00:00+00:00,2.3897
MTR-00181,2025-03-26T23:00:00+00:00,2.5731
MTR-00181,2025-03-27T00:00:00+00:00,2.0305
MTR-00181,2025-03-27T01:00:00+00:00,1.2979
MTR-00181,2025-03-27T02:00:00+00:00,0.684
MTR-00181,2025-03-27T03:00:00+00:00,1.1869
MTR-00181,2025-03-27T04:00:00+00:00,2.0784
MTR-00181,2025-03-27T05:00:00+00:00,0.5637
MTR-00181,2025-03-27T06:00:00+00:00,2.3358
MTR-00181,2025-03-27T07:00:00+00:00,2.3398
MTR-00181,2025-03-27T08:00:00+00:00,2.669
MTR-00181,2025-03-27T09:00:00+00:00,2.8019
MTR-00181,2025-03-27T10:00:00+00:00,1.5504
MTR-00181,2025-03-27T11:00:00+00:00,3.3
MTR-00181,2025-03-27T12:00:00+00:00,2.0174
MTR-00181,2025-03-27T13:00:00+00:00,2.6041
MTR-00181,2025-03-27T14:00:00+00:00,1.6444
MTR-00181,2025-03-27T15:00:00+00:00,2.452
MTR-00181,2025-03-27T16:00:00+00:00,1.8436
MTR-00181,2025-03-27T17:00:00+00:00,1.9547
MTR-00181,2025-03-27T18:00:00+00:00,2.8001
MTR-00181,2025-03-27T19:00:00+00:00,2.233
MTR-00181,2025-03-27T20:00:00+00:00,3.6079
MTR-00181,2025-03-27T21:00:00+00:00,2.0769
MTR-00181,2025-03-27T22:00:00+00:00,2.5153
MTR-00181,2025-03-27T23:00:00+00:00,2.0339
MTR-00182,2025-03-14T00:00:00+00:00,0.0757
MTR-00182,2025-03-14T01:00:00+00:00,0.3645
MTR-00182,2025-03-14T02:00:00+00:00,0.2314
MTR-00182,2025-03-14T03:00:00+00:00,0.5409
MTR-00182,2025-03-14T04:00:00+00:00,0.2278
MTR-00182,2025-03-14T05:00:00+00:00,0.1049
MTR-00182,2025-03-14T06:00:00+00:00,0.511
MTR-00182,2025-03-14T07:00:00+00:00,0.2214
MTR-00182,2025-03-14T08:00:00+00:00,0.2369
MTR-00182,2025-03-14T09:00:00+00:00,0.447
MTR-00182,2025-03-14T10:00:00+00:00,0.471
MTR-00182,2025-03-14T11:00:00+00:00,0.5464
MTR-00182,2025-03-14T12:00:00+00:00,0.394
MTR-00182,2025-03-14T13:00:00+00:00,0.4162
MTR-00182,2025-03-14T14:00:00+00:00,0.4613
MTR-00182,2025-03-14T15:00:00+00:00,0.3344
MTR-00182,2025-03-14T16:00:00+00:00,0.4457
MTR-00182,2025-03-14T17:00:00+00:00,0.3488
MTR-00182,2025-03-14T18:00:00+00:00,0.0
MTR-00182,2025-03-14T19:00:00+00:00,0.5294
MTR-00182,2025-03-14T20:00:00+00:00,0.7543
MTR-00182,2025-03-14T21:00:00+00:00,0.7114
MTR-00182,2025-03-14T22:00:00+00:00,0.8
MTR-00182,2025-03-14T23:00:00+00:00,0.0852
MTR-00182,2025-03-15T00:00:00+00:00,0.2235
MTR-00182,2025-03-15T01:00:00+00:00,0.299
MTR-00182,2025-03-15T02:00:00+00:00,0.3169
MTR-00182,2025-03-15T03:00:00+00:00,0.4628
MTR-00182,2025-03-15T04:00:00+00:00,0.4827
MTR-00182,2025-03-15T05:00:00+00:00,0.366
MTR-00182,2025-03-15T06:00:00+00:00,0.5594
MTR-00182,2025-03-15T07:00:00+00:00,0.5631
MTR-00182,2025-03-15T08:00:00+00:00,0.5184
MTR-00182,2025-03-15T09:00:00+00:00,0.4528
MTR-00182,2025-03-15T10:00:00+00:00,0.3701
MTR-00182,2025-03-15T11:00:00+00:00,0.5046
MTR-00182,2025-03-15T12:00:00+00:00,0.6711
MTR-00182,2025-03-15T13:00:00+00:00,0.5076
MTR-00182,2025-03-15T14:00:00+00:00,0.5061
MTR-00182,2025-03-15T15:00:00+00:00,0.4291
MTR-00182,2025-03-15T16:00:00+00:00,0.4066
MTR-00182,2025-03-15T17:00:00+00:00,0.4833
MTR-00182,2025-03-15T18:00:00+00:00,0.5588
MTR-00182,2025-03-15T19:00:00+00:00,0.6028
MTR-00182,2025-03-15T20:00:00+00:00,0.7094
MTR-00182,2025-03-15T21:00:00+00:00,0.601
MTR-00182,2025-03-15T22:00:00+00:00,0.6699
MTR-00182,2025-03-15T23:00:00+00:00,0.4366
MTR-00182,2025-03-16T00:00:00+00:00,0.4328
MTR-00182,2025-03-16T01:00:00+00:00,0.2884
MTR-00182,2025-03-16T02:00:00+00:00,0.3271
MTR-00182,2025-03-16T03:00:00+00:00,0.2804
MTR-00182,2025-03-16T04:00:00+00:00,0.4198
MTR-00182,2025-03-16T05:00:00+00:00,0.0607
MTR-00182,2025-03-16T06:00:00+00:00,0.4384
MTR-00182,2025-03-16T07:00:00+00:00,0.5335
MTR-00182,2025-03-16T08:00:00+00:00,0.4805
MTR-00182,2025-03-16T09:00:00+00:00,0.4586
MTR-00182,2025-03-16T10:00:00+00:00,0.5259
MTR-00182,2025-03-16T11:00:00+00:00,0.7896
MTR-00182,2025-03-16T12:00:00+00:00,0.6151
MTR-00182,2025-03-16T13:00:00+00:00,0.4942
MTR-00182,2025-03-16T14:00:00+00:00,0.4408
MTR-00182,2025-03-16T15:00:00+00:00,0.5477
MTR-00182,2025-03-16T16:00:00+00:00,0.5973
MTR-00182,2025-03-16T17:00:00+00:00,0.4991
MTR-00182,2025-03-16T18:00:00+00:00,0.7422
MTR-00182,2025-03-16T19:00:00+00:00,0.651
MTR-00182,2025-03-16T20:00:00+00:00,0.4815
MTR-00182,2025-03-16T21:00:00+00:00,0.6459
MTR-00182,2025-03-16T22:00:00+00:00,0.8527
MTR-00182,2025-03-16T23:00:00+00:00,0.5052
MTR-00182,2025-03-17T00:00:00+00:00,0.1128
MTR-00182,2025-03-17T01:00:00+00:00,0.3656
MTR-00182,2025-03-17T02:00:00+00:00,0.2106
MTR-00182,2025-03-17T03:00:00+00:00,0.2124
MTR-00182,2025-03-17T04:00:00+00:00,0.4549
MTR-00182,2025-03-17T05:00:00+00:00,0.2083
MTR-00182,2025-03-17T06:00:00+00:00,0.6224
MTR-00182,2025-03-17T07:00:00+00:00,0.5398
MTR-00182,2025-03-17T08:00:00+00:00,0.4041
MTR-00182,2025-03-17T09:00:00+00:00,0.4483
MTR-00182,2025-03-17T10:00:00+00:00,0.4922
MTR-00182,2025-03-17T11:00:00+00:00,0.6161
MTR-00182,2025-03-17T12:00:00+00:00,0.3965
MTR-00182,2025-03-17T13:00:00+00:00,0.4712
MTR-00182,2025-03-17T14:00:00+00:00,0.7774
MTR-00182,2025-03-17T15:00:00+00:00,0.3005
MTR-00182,2025-03-17T16:00:00+00:00,0.2858
MTR-00182,2025-03-17T17:00:00+00:00,0.5926
MTR-00182,2025-03-17T18:00:00+00:00,0.7458
MTR-00182,2025-03-17T19:00:00+00:00,0.5844
MTR-00182,2025-03-17T20:00:00+00:00,0.7452
MTR-00182,2025-03-17T21:00:00+00:00,0.6469
MTR-00182,2025-03-17T22:00:00+00:00,0.5736
MTR-00182,2025-03-17T23:00:00+00:00,0.549
MTR-00182,2025-03-18T00:00:00+00:00,0.1815
MTR-00182,2025-03-18T01:00:00+00:00,0.4643
MTR-00182,2025-03-18T02:00:00+00:00,0.0215
MTR-00182,2025-03-18T03:00:00+00:00,0.2076
MTR-00182,2025-03-18T04:00:00+00:00,0.2485
MTR-00182,2025-03-18T05:00:00+00:00,0.2902
MTR-00182,2025-03-18T06:00:00+00:00,0.4958
MTR-00182,2025-03-18T07:00:00+00:00,0.5073
MTR-00182,2025-03-18T08:00:00+00:00,0.5533
MTR-00182,2025-03-18T09:00:00+00:00,0.5409
MTR-00182,2025-03-18T10:00:00+00:00,0.4365
MTR-00182,2025-03-18T11:00:00+00:00,0.3874
MTR-00182,2025-03-18T12:00:00+00:00,0.55
MTR-00182,2025-03-18T13:00:00+00:00,0.4228
MTR-00182,2025-03-18T14:00:00+00:00,0.4819
MTR-00182,2025-03-18T15:00:00+00:00,0.4051
MTR-00182,2025-03-18T16:00:00+00:00,0.3377
MTR-00182,2025-03-18T17:00:00+00:00,0.3241
MTR-00182,2025-03-18T18:00:00+00:00,0.5661
MTR-00182,2025-03-18T19:00:00+00:00,0.4513
MTR-00182,2025-03-18T20:00:00+00:00,0.5383
MTR-00182,2025-03-18T21:00:00+00:00,0.8393
MTR-00182,2025-03-18T22:00:00+00:00,0.4978
MTR-00182,2025-03-18T23:00:00+00:00,0.5447
MTR-00182,2025-03-19T00:00:00+00:00,0.1926
MTR-00182,2025-03-19T01:00:00+00:00,0.1459
MTR-00182,2025-03-19T02:00:00+00:00,0.2659
MTR-00182,2025-03-19T03:00:00+00:00,0.1184
MTR-00182,2025-03-19T04:00:00+00:00,0.1989
MTR-00182,2025-03-19T05:00:00+00:00,0.2789
MTR-00182,2025-03-19T06:00:00+00:00,0.3337
MTR-00182,2025-03-19T07:00:00+00:00,0.3426
MTR-00182,2025-03-19T08:00:00+00:00,0.3152
MTR-00182,2025-03-19T09:00:00+00:00,0.417
MTR-00182,2025-03-19T10:00:00+00:00,0.5205
MTR-00182,2025-03-19T11:00:00+00:00,0.3183
MTR-00182,2025-03-19T12:00:00+00:00,0.4949
MTR-00182,2025-03-19T13:00:00+00:00,0.4978
MTR-00182,2025-03-19T14:00:00+00:00,0.499
MTR-00182,2025-03-19T15:00:00+00:00,0.5496
MTR-00182,2025-03-19T16:00:00+00:00,0.4821
MTR-00182,2025-03-19T17:00:00+00:00,0.1868
MTR-00182,2025-03-19T18:00:00+00:00,0.614
MTR-00182,2025-03-19T19:00:00+00:00,0.2635
MTR-00182,2025-03-19T20:00:00+00:00,0.6441
MTR-00182,2025-03-19T21:00:00+00:00,0.6798
MTR-00182,2025-03-19T22:00:00+00:00,0.3995
MTR-00182,2025-03-19T23:00:00+00:00,0.3578
MTR-00182,2025-03-20T00:00:00+00:00,0.3723
MTR-00182,2025-03-20T01:00:00+00:00,0.1928
MTR-00182,2025-03-20T02:00:00+00:00,0.1597
MTR-00182,2025-03-20T03:00:00+00:00,0.3396
MTR-00182,2025-03-20T04:00:00+00:00,0.0767
MTR-00182,2025-03-20T05:00:00+00:00,0.3408
MTR-00182,2025-03-20T06:00:00+00:00,0.4616
MTR-00182,2025-03-20T07:00:00+00:00,0.4721
MTR-00182,2025-03-20T08:00:00+00:00,0.4785
MTR-00182,2025-03-20T09:00:00+00:00,0.5027
MTR-00182,2025-03-20T10:00:00+00:00,0.4157
MTR-00182,2025-03-20T11:00:00+00:00,0.3771
MTR-00182,2025-03-20T12:00:00+00:00,0.3384
MTR-00182,2025-03-20T13:00:00+00:00,0.4322
MTR-00182,2025-03-20T14:00:00+00:00,0.2814
MTR-00182,2025-03-20T15:00:00+00:00,0.5706
MTR-00182,2025-03-20T16:00:00+00:00,0.3458
MTR-00182,2025-03-20T17:00:00+00:00,0.6308
MTR-00182,2025-03-20T18:00:00+00:00,0.6278
MTR-00182,2025-03-20T19:00:00+00:00,0.5728
MTR-00182,2025-03-20T20:00:00+00:00,0.6498
MTR-00182,2025-03-20T21:00:00+00:00,0.5007
MTR-00182,2025-03-20T22:00:00+00:00,0.6841
MTR-00182,2025-03-20T23:00:00+00:00,0.5091
MTR-00182,2025-03-21T00:00:00+00:00,0.519
MTR-00182,2025-03-21T01:00:00+00:00,0.1184
MTR-00182,2025-03-21T02:00:00+00:00,0.3148
MTR-00182,2025-03-21T03:00:00+00:00,0.2533
MTR-00182,2025-03-21T04:00:00+00:00,0.2169
MTR-00182,2025-03-21T05:00:00+00:00,0.3947
MTR-00182,2025-03-21T06:00:00+00:00,0.4997
MTR-00182,2025-03-21T07:00:00+00:00,0.4427
MTR-00182,2025-03-21T08:00:00+00:00,0.5433
MTR-00182,2025-03-21T09:00:00+00:00,0.4186
MTR-00182,2025-03-21T10:00:00+00:00,0.6275
MTR-00182,2025-03-21T11:00:00+00:00,0.5801
MTR-00182,2025-03-21T12:00:00+00:00,0.4519
MTR-00182,2025-03-21T13:00:00+00:00,0.1914
MTR-00182,2025-03-21T14:00:00+00:00,0.37
MTR-00182,2025-03-21T15:00:00+00:00,0.6061
MTR-00182,2025-03-21T16:00:00+00:00,0.5524
MTR-00182,2025-03-21T17:00:00+00:00,0.9118
MTR-00182,2025-03-21T18:00:00+00:00,0.4706
MTR-00182,2025-03-21T19:00:00+00:00,0.5151
MTR-00182,2025-03-21T20:00:00+00:00,0.6588
MTR-00182,2025-03-21T21:00:00+00:00,0.7799
MTR-00182,2025-03-21T22:00:00+00:00,0.4981
MTR-00182,2025-03-21T23:00:00+00:00,0.4784
MTR-00182,2025-03-22T00:00:00+00:00,0.3136
MTR-00182,2025-03-22T01:00:00+00:00,0.3078
MTR-00182,2025-03-22T02:00:00+00:00,0.0
MTR-00182,2025-03-22T03:00:00+00:00,0.2551
MTR-00182,2025-03-22T04:00:00+00:00,0.307
MTR-00182,2025-03-22T05:00:00+00:00,0.1781
MTR-00182,2025-03-22T06:00:00+00:00,0.5805
MTR-00182,2025-03-22T07:00:00+00:00,0.517
MTR-00182,2025-03-22T08:00:00+00:00,0.5924
MTR-00182,2025-03-22T09:00:00+00:00,0.3798
MTR-00182,2025-03-22T10:00:00+00:00,0.4146
MTR-00182,2025-03-22T11:00:00+00:00,0.493
MTR-00182,2025-03-22T12:00:00+00:00,0.7007
MTR-00182,2025-03-22T13:00:00+00:00,0.6034
MTR-00182,2025-03-22T14:00:00+00:00,0.2102
MTR-00182,2025-03-22T15:00:00+00:00,0.2473
MTR-00182,2025-03-22T16:00:00+00:00,0.4753
MTR-00182,2025-03-22T17:00:00+00:00,0.3409
MTR-00182,2025-03-22T18:00:00+00:00,0.7413
MTR-00182,2025-03-22T19:00:00+00:00,0.7997
MTR-00182,2025-03-22T20:00:00+00:00,0.7759
MTR-00182,2025-03-22T21:00:00+00:00,0.7036
MTR-00182,2025-03-22T22:00:00+00:00,0.6639
MTR-00182,2025-03-22T23:00:00+00:00,0.4993
MTR-00182,2025-03-23T00:00:00+00:00,0.1667
MTR-00182,2025-03-23T01:00:00+00:00,0.2518
MTR-00182,2025-03-23T02:00:00+00:00,0.3073
MTR-00182,2025-03-23T03:00:00+00:00,0.0
MTR-00182,2025-03-23T04:00:00+00:00,0.1886
MTR-00182,2025-03-23T05:00:00+00:00,0.4596
MTR-00182,2025-03-23T06:00:00+00:00,0.3138
MTR-00182,2025-03-23T07:00:00+00:00,0.2073
MTR-00182,2025-03-23T08:00:00+00:00,0.3855
MTR-00182,2025-03-23T09:00:00+00:00,0.342
MTR-00182,2025-03-23T10:00:00+00:00,0.3315
MTR-00182,2025-03-23T11:00:00+00:00,0.1561
MTR-00182,2025-03-23T12:00:00+00:00,0.3996
MTR-00182,2025-03-23T13:00:00+00:00,0.1861
MTR-00182,2025-03-23T14:00:00+00:00,0.25
MTR-00182,2025-03-23T15:00:00+00:00,0.2856
MTR-00182,2025-03-23T16:00:00+00:00,0.4456
MTR-00182,2025-03-23T17:00:00+00:00,0.324
MTR-00182,2025-03-23T18:00:00+00:00,0.4748
MTR-00182,2025-03-23T19:00:00+00:00,0.4538
MTR-00182,2025-03-23T20:00:00+00:00,0.381
MTR-00182,2025-03-23T21:00:00+00:00,0.4609
MTR-00182,2025-03-23T22:00:00+00:00,0.3439
MTR-00182,2025-03-23T23:00:00+00:00,0.3195
MTR-00182,2025-03-24T00:00:00+00:00,0.2727
MTR-00182,2025-03-24T01:00:00+00:00,0.1269
MTR-00182,2025-03-24T02:00:00+00:00,0.0704
MTR-00182,2025-03-24T03:00:00+00:00,0.143
MTR-00182,2025-03-24T04:00:00+00:00,0.0972
MTR-00182,2025-03-24T05:00:00+00:00,0.1642
MTR-00182,2025-03-24T06:00:00+00:00,0.3309
MTR-00182,2025-03-24T07:00:00+00:00,0.3249
MTR-00182,2025-03-24T08:00:00+00:00,0.3083
MTR-00182,2025-03-24T09:00:00+00:00,0.2422
MTR-00182,2025-03-24T10:00:00+00:00,0.2793
MTR-00182,2025-03-24T11:00:00+00:00,0.3877
MTR-00182,2025-03-24T12:00:00+00:00,0.3332
MTR-00182,2025-03-24T13:00:00+00:00,0.2785
MTR-00182,2025-03-24T14:00:00+00:00,0.3888
MTR-00182,2025-03-24T15:00:00+00:00,0.219
MTR-00182,2025-03-24T16:00:00+00:00,0.3025
MTR-00182,2025-03-24T17:00:00+00:00,0.1762
MTR-00182,2025-03-24T18:00:00+00:00,0.5296
MTR-00182,2025-03-24T19:00:00+00:00,0.4629
MTR-00182,2025-03-24T20:00:00+00:00,0.4133
MTR-00182,2025-03-24T21:00:00+00:00,0.4189
MTR-00182,2025-03-24T22:00:00+00:00,0.4511
MTR-00182,2025-03-24T23:00:00+00:00,0.2734
MTR-00182,2025-03-25T00:00:00+00:00,0.1313
MTR-00182,2025-03-25T01:00:00+00:00,0.1511
MTR-00182,2025-03-25T02:00:00+00:00,0.2949
MTR-00182,2025-03-25T03:00:00+00:00,0.2045
MTR-00182,2025-03-25T04:00:00+00:00,0.2451
MTR-00182,2025-03-25T05:00:00+00:00,0.2777
MTR-00182,2025-03-25T06:00:00+00:00,0.1774
MTR-00182,2025-03-25T07:00:00+00:00,0.1185
MTR-00182,2025-03-25T08:00:00+00:00,0.2842
MTR-00182,2025-03-25T09:00:00+00:00,0.3782
MTR-00182,2025-03-25T10:00:00+00:00,0.1462
MTR-00182,2025-03-25T11:00:00+00:00,0.2094
MTR-00182,2025-03-25T12:00:00+00:00,0.3034
MTR-00182,2025-03-25T13:00:00+00:00,0.159
MTR-00182,2025-03-25T14:00:00+00:00,0.4174
MTR-00182,2025-03-25T15:00:00+00:00,0.2471
MTR-00182,2025-03-25T16:00:00+00:00,0.1818
MTR-00182,2025-03-25T17:00:00+00:00,0.2166
MTR-00182,2025-03-25T18:00:00+00:00,0.3339
MTR-00182,2025-03-25T19:00:00+00:00,0.3694
MTR-00182,2025-03-25T20:00:00+00:00,0.2558
MTR-00182,2025-03-25T21:00:00+00:00,0.3319
MTR-00182,2025-03-25T22:00:00+00:00,0.3788
MTR-00182,2025-03-25T23:00:00+00:00,0.29
MTR-00182,2025-03-26T00:00:00+00:00,0.1176
MTR-00182,2025-03-26T01:00:00+00:00,0.1481
MTR-00182,2025-03-26T02:00:00+00:00,0.1469
MTR-00182,2025-03-26T03:00:00+00:00,0.0741
MTR-00182,2025-03-26T04:00:00+00:00,0.1528
MTR-00182,2025-03-26T05:00:00+00:00,0.057
MTR-00182,2025-03-26T06:00:00+00:00,0.2628
MTR-00182,2025-03-26T07:00:00+00:00,0.1198
MTR-00182,2025-03-26T08:00:00+00:00,0.2331
MTR-00182,2025-03-26T09:00:00+00:00,0.2848
MTR-00182,2025-03-26T10:00:00+00:00,0.2683
MTR-00182,2025-03-26T11:00:00+00:00,0.3428
MTR-00182,2025-03-26T12:00:00+00:00,0.2643
MTR-00182,2025-03-26T13:00:00+00:00,0.3485
MTR-00182,2025-03-26T14:00:00+00:00,0.2618
MTR-00182,2025-03-26T15:00:00+00:00,0.2079
MTR-00182,2025-03-26T16:00:00+00:00,0.1267
MTR-00182,2025-03-26T17:00:00+00:00,0.3725
MTR-00182,2025-03-26T18:00:00+00:00,0.3497
MTR-00182,2025-03-26T19:00:00+00:00,0.2927
MTR-00182,2025-03-26T20:00:00+00:00,0.4139
MTR-00182,2025-03-26T21:00:00+00:00,0.3863
MTR-00182,2025-03-26T22:00:00+00:00,0.3855
MTR-00182,2025-03-26T23:00:00+00:00,0.3511
MTR-00182,2025-03-27T00:00:00+00:00,0.2784
MTR-00182,2025-03-27T01:00:00+00:00,0.154
MTR-00182,2025-03-27T02:00:00+00:00,0.1863
MTR-00182,2025-03-27T03:00:00+00:00,0.2386
MTR-00182,2025-03-27T04:00:00+00:00,0.1943
MTR-00182,2025-03-27T05:00:00+00:00,0.2858
MTR-00182,2025-03-27T06:00:00+00:00,0.2779
MTR-00182,2025-03-27T07:00:00+00:00,0.3213
MTR-00182,2025-03-27T08:00:00+00:00,0.2614
MTR-00182,2025-03-27T09:00:00+00:00,0.0964
MTR-00182,2025-03-27T10:00:00+00:00,0.2836
MTR-00182,2025-03-27T11:00:00+00:00,0.2879
MTR-00182,2025-03-27T12:00:00+00:00,0.2401
MTR-00182,2025-03-27T13:00:00+00:00,0.2097
MTR-00182,2025-03-27T14:00:00+00:00,0.2883
MTR-00182,2025-03-27T15:00:00+00:00,0.2194
MTR-00182,2025-03-27T16:00:00+00:00,0.3644
MTR-00182,2025-03-27T17:00:00+00:00,0.3622
MTR-00182,2025-03-27T18:00:00+00:00,0.3395
MTR-00182,2025-03-27T19:00:00+00:00,0.3212
MTR-00182,2025-03-27T20:00:00+00:00,0.4568
MTR-00182,2025-03-27T21:00:00+00:00,0.3878
MTR-00182,2025-03-27T22:00:00+00:00,0.3717
MTR-00182,2025-03-27T23:00:00+00:00,0.2217
MTR-00183,2025-03-14T00:00:00+00:00,0.4183
MTR-00183,2025-03-14T01:00:00+00:00,0.7251
MTR-00183,2025-03-14T02:00:00+00:00,0.8186
MTR-00183,2025-03-14T03:00:00+00:00,1.5212
MTR-00183,2025-03-14T04:00:00+00:00,0.9775
MTR-00183,2025-03-14T05:00:00+00:00,0.6879
MTR-00183,2025-03-14T06:00:00+00:00,1.8277
MTR-00183,2025-03-14T07:00:00+00:00,1.4724
MTR-00183,2025-03-14T08:00:00+00:00,1.8108
MTR-00183,2025-03-14T09:00:00+00:00,1.6021
MTR-00183,2025-03-14T10:00:00+00:00,1.8123
MTR-00183,2025-03-14T11:00:00+00:00,1.8785
MTR-00183,2025-03-14T12:00:00+00:00,1.5531
MTR-00183,2025-03-14T13:00:00+00:00,1.9707
MTR-00183,2025-03-14T14:00:00+00:00,1.721
MTR-00183,2025-03-14T15:00:00+00:00,1.0347
MTR-00183,2025-03-14T16:00:00+00:00,2.0505
MTR-00183,2025-03-14T17:00:00+00:00,1.8032
MTR-00183,2025-03-14T18:00:00+00:00,1.6944
MTR-00183,2025-03-14T19:00:00+00:00,2.2326
MTR-00183,2025-03-14T20:00:00+00:00,2.811
MTR-00183,2025-03-14T21:00:00+00:00,1.2196
MTR-00183,2025-03-14T22:00:00+00:00,2.9751
MTR-00183,2025-03-14T23:00:00+00:00,1.7846
MTR-00183,2025-03-15T00:00:00+00:00,0.7524
MTR-00183,2025-03-15T01:00:00+00:00,0.9796
MTR-00183,2025-03-15T02:00:00+00:00,1.1572
MTR-00183,2025-03-15T03:00:00+00:00,0.0
MTR-00183,2025-03-15T04:00:00+00:00,0.2133
MTR-00183,2025-03-15T05:00:00+00:00,1.3349
MTR-00183,2025-03-15T06:00:00+00:00,0.7305
MTR-00183,2025-03-15T07:00:00+00:00,2.1504
MTR-00183,2025-03-15T08:00:00+00:00,0.9185
MTR-00183,2025-03-15T09:00:00+00:00,1.6732
MTR-00183,2025-03-15T10:00:00+00:00,1.9802
MTR-00183,2025-03-15T11:00:00+00:00,1.6998
MTR-00183,2025-03-15T12:00:00+00:00,1.8587
MTR-00183,2025-03-15T13:00:00+00:00,1.3464
MTR-00183,2025-03-15T14:00:00+00:00,1.9213
MTR-00183,2025-03-15T15:00:00+00:00,1.8153
MTR-00183,2025-03-15T16:00:00+00:00,1.7456
MTR-00183,2025-03-15T17:00:00+00:00,1.4978
MTR-00183,2025-03-15T18:00:00+00:00,2.1092
MTR-00183,2025-03-15T19:00:00+00:00,1.5501
MTR-00183,2025-03-15T20:00:00+00:00,1.9885
MTR-00183,2025-03-15T21:00:00+00:00,2.1177
MTR-00183,2025-03-15T22:00:00+00:00,2.5615
MTR-00183,2025-03-15T23:00:00+00:00,1.6197
MTR-00183,2025-03-16T00:00:00+00:00,1.3725
MTR-00183,2025-03-16T01:00:00+00:00,1.1926
MTR-00183,2025-03-16T02:00:00+00:00,0.7352
MTR-00183,2025-03-16T03:00:00+00:00,0.0
MTR-00183,2025-03-16T04:00:00+00:00,0.3771
MTR-00183,2025-03-16T05:00:00+00:00,1.3892
MTR-00183,2025-03-16T06:00:00+00:00,1.9936
MTR-00183,2025-03-16T07:00:00+00:00,1.3226
MTR-00183,2025-03-16T08:00:00+00:00,2.1927
MTR-00183,2025-03-16T09:00:00+00:00,1.9283
MTR-00183,2025-03-16T10:00:00+00:00,1.9096
MTR-00183,2025-03-16T11:00:00+00:00,1.1425
MTR-00183,2025-03-16T12:00:00+00:00,0.9803
MTR-00183,2025-03-16T13:00:00+00:00,1.7606
MTR-00183,2025-03-16T14:00:00+00:00,1.4347
MTR-00183,2025-03-16T15:00:00+00:00,1.8321
MTR-00183,2025-03-16T16:00:00+00:00,1.6313
MTR-00183,2025-03-16T17:00:00+00:00,1.5485
MTR-00183,2025-03-16T18:00:00+00:00,2.5138
MTR-00183,2025-03-16T19:00:00+00:00,1.1164
MTR-00183,2025-03-16T20:00:00+00:00,1.9816
MTR-00183,2025-03-16T21:00:00+00:00,3.0842
MTR-00183,2025-03-16T22:00:00+00:00,1.8605
MTR-00183,2025-03-16T23:00:00+00:00,1.2032
MTR-00183,2025-03-17T00:00:00+00:00,1.5999
MTR-00183,2025-03-17T01:00:00+00:00,1.4145
MTR-00183,2025-03-17T02:00:00+00:00,1.1448
MTR-00183,2025-03-17T03:00:00+00:00,1.664
MTR-00183,2025-03-17T04:00:00+00:00,1.1526
MTR-00183,2025-03-17T05:00:00+00:00,1.3315
MTR-00183,2025-03-17T06:00:00+00:00,2.2846
MTR-00183,2025-03-17T07:00:00+00:00,0.9362
MTR-00183,2025-03-17T08:00:00+00:00,1.8134
MTR-00183,2025-03-17T09:00:00+00:00,1.5571
MTR-00183,2025-03-17T10:00:00+00:00,1.8676
MTR-00183,2025-03-17T11:00:00+00:00,1.9434
MTR-00183,2025-03-17T12:00:00+00:00,2.0057
MTR-00183,2025-03-17T13:00:00+00:00,1.7038
MTR-00183,2025-03-17T14:00:00+00:00,1.6712
MTR-00183,2025-03-17T15:00:00+00:00,1.3626
MTR-00183,2025-03-17T16:00:00+00:00,1.3508
MTR-00183,2025-03-17T17:00:00+00:00,1.147
MTR-00183,2025-03-17T18:00:00+00:00,1.8864
MTR-00183,2025-03-17T19:00:00+00:00,2.7833
MTR-00183,2025-03-17T20:00:00+00:00,2.4557
MTR-00183,2025-03-17T21:00:00+00:00,2.4459
MTR-00183,2025-03-17T22:00:00+00:00,2.5126
MTR-00183,2025-03-17T23:00:00+00:00,1.1198
MTR-00183,2025-03-18T00:00:00+00:00,1.2117
MTR-00183,2025-03-18T01:00:00+00:00,0.6451
MTR-00183,2025-03-18T02:00:00+00:00,1.0938
MTR-00183,2025-03-18T03:00:00+00:00,0.5481
MTR-00183,2025-03-18T04:00:00+00:00,0.5505
MTR-00183,2025-03-18T05:00:00+00:00,0.861
MTR-00183,2025-03-18T06:00:00+00:00,1.7539
MTR-00183,2025-03-18T07:00:00+00:00,0.7933
MTR-00183,2025-03-18T08:00:00+00:00,0.8144
MTR-00183,2025-03-18T09:00:00+00:00,0.0
MTR-00183,2025-03-18T10:00:00+00:00,1.454
MTR-00183,2025-03-18T11:00:00+00:00,0.0
MTR-00183,2025-03-18T12:00:00+00:00,1.2944
MTR-00183,2025-03-18T13:00:00+00:00,1.2638
MTR-00183,2025-03-18T14:00:00+00:00,1.6246
MTR-00183,2025-03-18T15:00:00+00:00,1.9428
MTR-00183,2025-03-18T16:00:00+00:00,1.6781
MTR-00183,2025-03-18T17:00:00+00:00,1.2986
MTR-00183,2025-03-18T18:00:00+00:00,2.116
MTR-00183,2025-03-18T19:00:00+00:00,2.0729
MTR-00183,2025-03-18T20:00:00+00:00,2.3897
MTR-00183,2025-03-18T21:00:00+00:00,1.6871
MTR-00183,2025-03-18T22:00:00+00:00,2.614
MTR-00183,2025-03-18T23:00:00+00:00,1.6823
MTR-00183,2025-03-19T00:00:00+00:00,1.315
MTR-00183,2025-03-19T01:00:00+00:00,0.921
MTR-00183,2025-03-19T02:00:00+00:00,1.095
MTR-00183,2025-03-19T03:00:00+00:00,0.2786
MTR-00183,2025-03-19T04:00:00+00:00,0.212
MTR-00183,2025-03-19T05:00:00+00:00,0.9846
MTR-00183,2025-03-19T06:00:00+00:00,0.3683
MTR-00183,2025-03-19T07:00:00+00:00,1.3976
MTR-00183,2025-03-19T08:00:00+00:00,1.2226
MTR-00183,2025-03-19T09:00:00+00:00,1.1885
MTR-00183,2025-03-19T10:00:00+00:00,1.6705
MTR-00183,2025-03-19T11:00:00+00:00,1.2421
MTR-00183,2025-03-19T12:00:00+00:00,1.3872
MTR-00183,2025-03-19T13:00:00+00:00,1.054
MTR-00183,2025-03-19T14:00:00+00:00,1.4841
MTR-00183,2025-03-19T15:00:00+00:00,1.4481
MTR-00183,2025-03-19T16:00:00+00:00,1.3884
MTR-00183,2025-03-19T17:00:00+00:00,0.0
MTR-00183,2025-03-19T18:00:00+00:00,1.4407
MTR-00183,2025-03-19T19:00:00+00:00,2.2719
MTR-00183,2025-03-19T20:00:00+00:00,1.8833
MTR-00183,2025-03-19T21:00:00+00:00,1.5683
MTR-00183,2025-03-19T22:00:00+00:00,1.4126
MTR-00183,2025-03-19T23:00:00+00:00,1.5202
MTR-00183,2025-03-20T00:00:00+00:00,0.3557
MTR-00183,2025-03-20T01:00:00+00:00,1.2885
MTR-00183,2025-03-20T02:00:00+00:00,0.6017
MTR-00183,2025-03-20T03:00:00+00:00,0.5324
MTR-00183,2025-03-20T04:00:00+00:00,1.1055
MTR-00183,2025-03-20T05:00:00+00:00,0.0
MTR-00183,2025-03-20T06:00:00+00:00,1.2767
MTR-00183,2025-03-20T07:00:00+00:00,1.1216
MTR-00183,2025-03-20T08:00:00+00:00,2.0678
MTR-00183,2025-03-20T09:00:00+00:00,1.3916
MTR-00183,2025-03-20T10:00:00+00:00,1.4578
MTR-00183,2025-03-20T11:00:00+00:00,1.5824
MTR-00183,2025-03-20T12:00:00+00:00,1.6089
MTR-00183,2025-03-20T13:00:00+00:00,1.2062
MTR-00183,2025-03-20T14:00:00+00:00,1.1215
MTR-00183,2025-03-20T15:00:00+00:00,1.7174
MTR-00183,2025-03-20T16:00:00+00:00,1.0969
MTR-00183,2025-03-20T17:00:00+00:00,1.2701
MTR-00183,2025-03-20T18:00:00+00:00,1.4459
MTR-00183,2025-03-20T19:00:00+00:00,2.0018
MTR-00183,2025-03-20T20:00:00+00:00,1.8105
MTR-00183,2025-03-20T21:00:00+00:00,1.6368
MTR-00183,2025-03-20T22:00:00+00:00,1.7003
MTR-00183,2025-03-20T23:00:00+00:00,1.0037
MTR-00183,2025-03-21T00:00:00+00:00,1.326
MTR-00183,2025-03-21T01:00:00+00:00,1.028
MTR-00183,2025-03-21T02:00:00+00:00,0.7867
MTR-00183,2025-03-21T03:00:00+00:00,1.6715
MTR-00183,2025-03-21T04:00:00+00:00,0.8583
MTR-00183,2025-03-21T05:00:00+00:00,0.9294
MTR-00183,2025-03-21T06:00:00+00:00,2.2649
MTR-00183,2025-03-21T07:00:00+00:00,1.9521
MTR-00183,2025-03-21T08:00:00+00:00,1.23
MTR-00183,2025-03-21T09:00:00+00:00,1.44
MTR-00183,2025-03-21T10:00:00+00:00,1.0459
MTR-00183,2025-03-21T11:00:00+00:00,2.0338
MTR-00183,2025-03-21T12:00:00+00:00,1.4536
MTR-00183,2025-03-21T13:00:00+00:00,1.3492
MTR-00183,2025-03-21T14:00:00+00:00,1.9409
MTR-00183,2025-03-21T15:00:00+00:00,1.7657
MTR-00183,2025-03-21T16:00:00+00:00,1.9511
MTR-00183,2025-03-21T17:00:00+00:00,1.5096
MTR-00183,2025-03-21T18:00:00+00:00,2.6543
MTR-00183,2025-03-21T19:00:00+00:00,2.0607
MTR-00183,2025-03-21T20:00:00+00:00,1.6553
MTR-00183,2025-03-21T21:00:00+00:00,1.7842
MTR-00183,2025-03-21T22:00:00+00:00,2.2792
MTR-00183,2025-03-21T23:00:00+00:00,1.7147
MTR-00183,2025-03-22T00:00:00+00:00,1.0133
MTR-00183,2025-03-22T01:00:00+00:00,1.6155
MTR-00183,2025-03-22T02:00:00+00:00,1.2346
MTR-00183,2025-03-22T03:00:00+00:00,1.1444
MTR-00183,2025-03-22T04:00:00+00:00,1.7062
MTR-00183,2025-03-22T05:00:00+00:00,1.325
MTR-00183,2025-03-22T06:00:00+00:00,1.8664
MTR-00183,2025-03-22T07:00:00+00:00,1.7856
MTR-00183,2025-03-22T08:00:00+00:00,1.556
MTR-00183,2025-03-22T09:00:00+00:00,1.9682
MTR-00183,2025-03-22T10:00:00+00:00,1.6325
MTR-00183,2025-03-22T11:00:00+00:00,1.3319
MTR-00183,2025-03-22T12:00:00+00:00,2.2742
MTR-00183,2025-03-22T13:00:00+00:00,2.4189
MTR-00183,2025-03-22T14:00:00+00:00,2.7263
MTR-00183,2025-03-22T15:00:00+00:00,1.5578
MTR-00183,2025-03-22T16:00:00+00:00,1.7905
MTR-00183,2025-03-22T17:00:00+00:00,2.2799
MTR-00183,2025-03-22T18:00:00+00:00,2.376
MTR-00183,2025-03-22T19:00:00+00:00,2.1984
MTR-00183,2025-03-22T20:00:00+00:00,2.1113
MTR-00183,2025-03-22T21:00:00+00:00,2.0294
MTR-00183,2025-03-22T22:00:00+00:00,2.7394
MTR-00183,2025-03-22T23:00:00+00:00,1.6779
MTR-00183,2025-03-23T00:00:00+00:00,0.0916
MTR-00183,2025-03-23T01:00:00+00:00,0.1885
MTR-00183,2025-03-23T02:00:00+00:00,0.0
MTR-00183,2025-03-23T03:00:00+00:00,0.109
MTR-00183,2025-03-23T04:00:00+00:00,0.1106
MTR-00183,2025-03-23T05:00:00+00:00,0.1401
MTR-00183,2025-03-23T06:00:00+00:00,0.2434
MTR-00183,2025-03-23T07:00:00+00:00,0.2097
MTR-00183,2025-03-23T08:00:00+00:00,0.1997
MTR-00183,2025-03-23T09:00:00+00:00,0.1904
MTR-00183,2025-03-23T10:00:00+00:00,0.1559
MTR-00183,2025-03-23T11:00:00+00:00,0.0
MTR-00183,2025-03-23T12:00:00+00:00,0.2179
MTR-00183,2025-03-23T13:00:00+00:00,0.1941
MTR-00183,2025-03-23T14:00:00+00:00,0.2199
MTR-00183,2025-03-23T15:00:00+00:00,0.2197
MTR-00183,2025-03-23T16:00:00+00:00,0.2193
MTR-00183,2025-03-23T17:00:00+00:00,0.0
MTR-00183,2025-03-23T18:00:00+00:00,0.2564
MTR-00183,2025-03-23T19:00:00+00:00,0.4246
MTR-00183,2025-03-23T20:00:00+00:00,0.2718
MTR-00183,2025-03-23T21:00:00+00:00,0.2475
MTR-00183,2025-03-23T22:00:00+00:00,0.0
MTR-00183,2025-03-23T23:00:00+00:00,0.0
MTR-00183,2025-03-24T00:00:00+00:00,0.1083
MTR-00183,2025-03-24T01:00:00+00:00,0.107
MTR-00183,2025-03-24T02:00:00+00:00,0.0
MTR-00183,2025-03-24T03:00:00+00:00,0.0752
MTR-00183,2025-03-24T04:00:00+00:00,0.1149
MTR-00183,2025-03-24T05:00:00+00:00,0.0792
MTR-00183,2025-03-24T06:00:00+00:00,0.1874
MTR-00183,2025-03-24T07:00:00+00:00,0.1915
MTR-00183,2025-03-24T08:00:00+00:00,0.2341
MTR-00183,2025-03-24T09:00:00+00:00,0.2644
MTR-00183,2025-03-24T10:00:00+00:00,0.2197
MTR-00183,2025-03-24T11:00:00+00:00,0.0
MTR-00183,2025-03-24T12:00:00+00:00,0.1946
MTR-00183,2025-03-24T13:00:00+00:00,0.0
MTR-00183,2025-03-24T14:00:00+00:00,0.1922
MTR-00183,2025-03-24T15:00:00+00:00,0.0
MTR-00183,2025-03-24T16:00:00+00:00,0.1587
MTR-00183,2025-03-24T17:00:00+00:00,0.1244
MTR-00183,2025-03-24T18:00:00+00:00,0.2604
MTR-00183,2025-03-24T19:00:00+00:00,0.3162
MTR-00183,2025-03-24T20:00:00+00:00,0.0
MTR-00183,2025-03-24T21:00:00+00:00,0.0
MTR-00183,2025-03-24T22:00:00+00:00,0.1978
MTR-00183,2025-03-24T23:00:00+00:00,0.2199
MTR-00183,2025-03-25T00:00:00+00:00,0.0604
MTR-00183,2025-03-25T01:00:00+00:00,0.1293
MTR-00183,2025-03-25T02:00:00+00:00,0.1641
MTR-00183,2025-03-25T03:00:00+00:00,0.1558
MTR-00183,2025-03-25T04:00:00+00:00,0.0
MTR-00183,2025-03-25T05:00:00+00:00,0.0
MTR-00183,2025-03-25T06:00:00+00:00,0.1455
MTR-00183,2025-03-25T07:00:00+00:00,0.1429
MTR-00183,2025-03-25T08:00:00+00:00,0.0
MTR-00183,2025-03-25T09:00:00+00:00,0.1809
MTR-00183,2025-03-25T10:00:00+00:00,0.0
MTR-00183,2025-03-25T11:00:00+00:00,0.1762
MTR-00183,2025-03-25T12:00:00+00:00,0.189
MTR-00183,2025-03-25T13:00:00+00:00,0.1702
MTR-00183,2025-03-25T14:00:00+00:00,0.1657
MTR-00183,2025-03-25T15:00:00+00:00,0.1836
MTR-00183,2025-03-25T16:00:00+00:00,0.1693
MTR-00183,2025-03-25T17:00:00+00:00,0.0797
MTR-00183,2025-03-25T18:00:00+00:00,0.2747
MTR-00183,2025-03-25T19:00:00+00:00,0.2287
MTR-00183,2025-03-25T20:00:00+00:00,0.2524
MTR-00183,2025-03-25T21:00:00+00:00,0.2479
MTR-00183,2025-03-25T22:00:00+00:00,0.2523
MTR-00183,2025-03-25T23:00:00+00:00,0.1866
MTR-00183,2025-03-26T00:00:00+00:00,0.126
MTR-00183,2025-03-26T01:00:00+00:00,0.0
MTR-00183,2025-03-26T02:00:00+00:00,0.0
MTR-00183,2025-03-26T03:00:00+00:00,0.185
MTR-00183,2025-03-26T04:00:00+00:00,0.0892
MTR-00183,2025-03-26T05:00:00+00:00,0.078
MTR-00183,2025-03-26T06:00:00+00:00,0.1366
MTR-00183,2025-03-26T07:00:00+00:00,0.099
MTR-00183,2025-03-26T08:00:00+00:00,0.2052
MTR-00183,2025-03-26T09:00:00+00:00,0.1436
MTR-00183,2025-03-26T10:00:00+00:00,0.1868
MTR-00183,2025-03-26T11:00:00+00:00,0.2362
MTR-00183,2025-03-26T12:00:00+00:00,0.1721
MTR-00183,2025-03-26T13:00:00+00:00,0.1356
MTR-00183,2025-03-26T14:00:00+00:00,0.2061
MTR-00183,2025-03-26T15:00:00+00:00,0.1079
MTR-00183,2025-03-26T16:00:00+00:00,0.175
MTR-00183,2025-03-26T17:00:00+00:00,0.2085
MTR-00183,2025-03-26T18:00:00+00:00,0.2359
MTR-00183,2025-03-26T19:00:00+00:00,0.2519
MTR-00183,2025-03-26T20:00:00+00:00,0.2397
MTR-00183,2025-03-26T21:00:00+00:00,0.2348
MTR-00183,2025-03-26T22:00:00+00:00,0.2037
MTR-00183,2025-03-26T23:00:00+00:00,0.1975
MTR-00183,2025-03-27T00:00:00+00:00,0.1306
MTR-00183,2025-03-27T01:00:00+00:00,0.1663
MTR-00183,2025-03-27T02:00:00+00:00,0.0
MTR-00183,2025-03-27T03:00:00+00:00,0.1109
MTR-00183,2025-03-27T04:00:00+00:00,0.0
MTR-00183,2025-03-27T05:00:00+00:00,0.0
MTR-00183,2025-03-27T06:00:00+00:00,0.0
MTR-00183,2025-03-27T07:00:00+00:00,0.1349
MTR-00183,2025-03-27T08:00:00+00:00,0.0589
MTR-00183,2025-03-27T09:00:00+00:00,0.1733
MTR-00183,2025-03-27T10:00:00+00:00,0.109
MTR-00183,2025-03-27T11:00:00+00:00,0.25
MTR-00183,2025-03-27T12:00:00+00:00,0.0
MTR-00183,2025-03-27T13:00:00+00:00,0.084
MTR-00183,2025-03-27T14:00:00+00:00,0.1451
MTR-00183,2025-03-27T15:00:00+00:00,0.157
MTR-00183,2025-03-27T16:00:00+00:00,0.0
MTR-00183,2025-03-27T17:00:00+00:00,0.2326
MTR-00183,2025-03-27T18:00:00+00:00,0.2487
MTR-00183,2025-03-27T19:00:00+00:00,0.1627
MTR-00183,2025-03-27T20:00:00+00:00,0.2145
MTR-00183,2025-03-27T21:00:00+00:00,0.0
MTR-00183,2025-03-27T22:00:00+00:00,0.2236
MTR-00183,2025-03-27T23:00:00+00:00,0.1639
